Sample,D.E.Venom.Collection.Number,Family,Genus,Species,Species2,Form_short,Sex,Date.collected,SVL,Tail.length,3FTx,PLA2,SVMP,SVSP,CTL,CRiSP,Kun,LAAO,5N,AChE,AmPep,Cys,Dis,Hyal,NGF,NP,Oha-Vesp,PDE,PLB,PLC,VEGF,Venom factor,Venom peroxiredoxin,Waprin,Other
iBAQ D1_RB_Venom,DEVC 001,Elapidae,Pseudechis,porphyriacus,Pseudechis porphyriacus,MilkedVenom,,NA,NA,NA,3.84776454,90.73247309,1.618982968,0.309796043,0,0.657043988,0.48639814,0.394760649,0.05810005,0,0.000328499,0.004491247,0.015503245,0.001178596,1.775875134,0,0.049994013,0,0.047309801,0,0,0,0,0,0
iBAQ D10_RB_Gland,DEVC 010,Elapidae,Pseudechis,porphyriacus,Pseudechis porphyriacus,PreservedFixedGland,,1965,NA,NA,1.648734849,92.43464962,2.807644001,0.029248158,0.012411205,1.658877682,0.243764208,0.012274328,0.003498065,0,0.002201054,0.020862638,0.003324478,0,1.011600767,0,0.029916571,0,0.054701977,0,0,0.000109162,0.026181239,0,0
iBAQ D12_TS_Gland,DEVC 012,Elapidae,Notechis,scutatus,Notechis scutatus,PreservedFixedGland,,1965,NA,NA,2.384924215,79.5472625,0.993424361,13.16433401,0,1.62325936,0,0,0.063916573,0.039187254,0.035388531,0.378939055,0,0.000933935,0.003823602,0,1.006760005,0.004059902,0.248539186,0,0.100133551,0.004350596,0.392219414,0.008543955,0
iBAQ D14_DA_Gland,DEVC 014,Elapidae,Acanthophis,antarcticus,Acanthophis antarcticus,PreservedFixedGland,,1965,NA,NA,38.74922269,52.3164233,0.15468712,0.048053642,1.588554594,0.129354853,0,0.667925797,0,0.00566258,0.014765589,0,0,0,6.252327469,0.073022368,0,0,0,0,0,0,0,0,0
iBAQ D2_DA_Venom,DEVC 002,Elapidae,Acanthophis,antarcticus,Acanthophis antarcticus,MilkedVenom,,NA,NA,NA,48.67062362,42.95160769,0.435131837,0.056377209,4.937271188,1.093669411,0.31282309,0.739685439,0.089913251,0.084314579,0.011760258,0.00113605,0,0.014004537,0.543953463,0.01082076,0,0,0.046907613,0,0,0,0,0,0
iBAQ D3_TS_Venom,DEVC 003,Elapidae,Notechis,scutatus,Notechis scutatus,MilkedVenom,,NA,NA,NA,17.17333919,67.8179834,0.093693116,4.812357107,0,0.524017851,2.859995391,0.594154705,0.056377571,0.060431305,0.000528482,0.044286475,0,0.006870605,2.118433764,0.069777113,0.468585112,0.010036797,3.246537163,0,0.001972877,0.003657406,0,0.034277478,0.0026871
iBAQ D4_RB_Gland,DEVC 004,Elapidae,Pseudechis,porphyriacus,Pseudechis porphyriacus,PreservedFixedGland,,1965,NA,NA,0.397456695,92.80091125,3.063180544,0.64351542,0.026043432,2.024412211,0.022588303,0.567801576,0.075651593,0.000297795,0.013345143,0.118011232,0.01027569,0.00135181,0.069641684,0,0.017702919,0,0.01735439,0,0.003187858,0.001067803,0.126202658,0,0
iBAQ D6_TS_Gland,DEVC 006,Elapidae,Notechis,scutatus,Notechis scutatus,PreservedFixedGland,,1965,NA,NA,22.25998206,73.91905997,0.241389,1.167219856,0,0.98995293,0.187148682,0.062084434,0.01671766,0.022540014,0.005774722,0.116372471,0,0,0.109202492,0.003560523,0.306002535,0,0.441898622,0,0,0,0.151094031,0,0
iBAQ D8_DA_Gland,DEVC 008,Elapidae,Acanthophis,antarcticus,Acanthophis antarcticus,PreservedFixedGland,,1965,NA,NA,49.09844685,40.56881898,0,0.072713468,3.41904061,0.092145756,0.011629186,0.211046364,0,0.006482818,0,0,0,0.010763914,6.485948743,0.019073417,0,0,0.003889895,0,0,0,0,0,0
iBAQ DEVC_015,DEVC 015,Viperidae,Crotalus,unicolor,Crotalus unicolor,FrozenEthanolGland,Male,2018,930,NA,85.50540977,9.673253444,0.072974058,0.03867614,0,0.027417028,0,0.064497318,0.147879823,0,0,0.13181287,0,0,0.267400642,0,0.012604294,2.456096723,0,0,0.040867089,0.365504483,1.162953583,0,0.032652738
iBAQ DEVC_016,DEVC 016,Viperidae,Agkistrodon,bilineatus,Agkistrodon bilineatus,FrozenEthanolGland,Male,2021,900,NA,0,2.973061441,40.28128494,11.0357067,1.766642859,2.938249099,0,0.987371044,0.287558567,0.23299312,0.096383977,10.86646638,0,0,0,0,0.422982403,17.24768463,0,0,0,4.403341659,5.317880645,0,1.142392534
iBAQ DEVC_017,DEVC 017,Viperidae,Bitis,arietans,Bitis arietans,FrozenEthanolGland,Male,2021,1080,NA,0,0.654178726,2.519810609,6.214662719,52.98214456,0.227823884,1.747023339,6.095047204,2.786501653,0,0.136891185,21.77786925,4.119428598,0,0.24712237,0,0.017799891,0.120828623,0.046349248,0,0.034781773,0.004373162,0.267363202,0,0
iBAQ DEVC_018,DEVC 018,Elapidae,Naja,siamensis,Naja siamensis,FrozenEthanolGland,Female,2021,1430,NA,79.42950563,18.35725548,0.308826673,0,0.000704462,0,0.004404803,0.157407742,0.281747026,0,0.001832189,0.044391137,0,0,0.399421909,0,0.074152712,0.336435732,0.000484057,0,0.00125929,0.549798122,0.052042852,0,0.000330189
iBAQ DEVC_019,DEVC 019,Elapidae,Naja,kaouthia,Naja kaouthia,FrozenEthanolGland,Male,2021,882,180,53.14320854,29.26952193,1.251151746,0,0.064839512,7.609923887,0,1.783135882,1.248603356,0.006710084,0.032606645,0.394735227,0,0,2.370374479,0,0.824718706,0.545830134,0,0,0,1.214341236,0.240298634,0,0
iBAQ DEVC_020_g,DEVC 020 g,Viperidae,Bitis,rhinoceros,Bitis rhinoceros,FrozenEthanolGland,,2021,919,110,26.00705904,3.791086963,4.543298226,20.94381148,17.22783592,0.772070946,7.884551894,1.414809056,0.761012109,0.010312046,0.33986327,7.334142503,4.572495663,0.006987619,0.595998299,0,0,3.515633689,0.079230056,0,0.024028316,0.013249857,0.16252305,0,0
iBAQ DEVC_020_v,DEVC 020 v,Viperidae,Bitis,rhinoceros,Bitis rhinoceros,FrozenEthanolGland,,2021,919,110,5.47567644,0.503441508,7.661641155,19.80445392,30.20982368,1.318182289,9.436694076,4.009674851,1.751593146,0.012831603,0.943974421,9.271587188,7.329004302,0.017912197,1.700632548,0,0,0.090892537,0.184727003,0,0.09622181,0.004116668,0.176918654,0,0
iBAQ DEVC_021_g,DEVC 021 g,Viperidae,Crotalus,vegrandis,Crotalus vegrandis,FrozenEthanolGland,Male,2021,935,125,14.59688956,34.56431603,9.15551619,12.93070785,12.55100595,0.606264943,0,5.195914336,0.754781373,0.025002332,0.001214557,1.315541811,0.192850558,0.025262208,0.515712118,0,0,5.23736496,0.021130177,0,0.316301089,0.148860065,1.66240359,0,0.182960306
iBAQ DEVC_021_v,DEVC 021 v,Viperidae,Crotalus,vegrandis,Crotalus vegrandis,FrozenEthanolGland,Male,2021,935,125,1.798561766,41.64129348,9.320613501,13.92756818,18.55443145,0.052992473,0,12.35198347,0.633888053,0.025141411,0,0.199946531,0.114070592,0.008630266,0.50729114,0,0,0.262618531,0.122954866,0,0.147866208,0.031971351,0.289607978,0,0.008568759
iBAQ DEVC_022,DEVC 022,Elapidae,Laticauda,colubrina,Laticauda colubrina,MilkedVenom,,NA,NA,NA,46.96240492,52.44612136,0.047891819,0,0,0.458980644,0,0,0,0.001279655,0.005555126,0.004393136,0,0,0,0,0,0,0.073373337,0,0,0,0,0,0
iBAQ DEVC_023,DEVC 023,Elapidae,Hoplocephalus,stephensii,Hoplocephalus stephensi,MilkedVenom,,NA,NA,NA,17.51826782,46.50130149,14.71719732,2.492417146,10.09687774,0.958790501,0.154362069,3.331046318,0.155645778,0,0.003100177,0.072211892,0,0.030940169,3.35798137,0.39399842,0,0.010678007,0.114034188,0,0.091149597,0,0,0,0
iBAQ DEVC_024,DEVC 024,Viperidae,Agkistrodon,bilineatus,Agkistrodon bilineatus,MilkedVenom,,NA,NA,NA,0,29.27388091,16.04663177,34.45018635,3.831111016,8.057494688,0,4.368360202,1.256879983,0,0.002325222,0.001060037,0,0.004596169,0.846988,0,1.316339158,0.123044532,0.420791158,0,0,0.000310802,0,0,0
iBAQ DEVC_025,DEVC 025,Viperidae,Bitis,rhinoceros,Bitis rhinoceros,MilkedVenom,,NA,NA,NA,0,0.997884121,9.736156344,32.40154681,16.52170671,1.997749968,12.09867594,5.077941782,0.835045544,0,1.094326545,8.977070878,5.486635611,0.019831602,2.161852356,0,0,0.048578472,0.293246057,0,2.243156324,0,0.008594933,0,0
iBAQ DEVC_026,DEVC 026,Elapidae,Naja,kaouthia,Naja kaouthia,MilkedVenom,,NA,NA,NA,28.14646123,45.80444717,1.256285468,0,0.085326897,13.47750963,0,1.571918712,1.193672986,0.006569302,0.004682716,0.164437394,0,0,1.953888446,0,4.551193749,0.447730803,0,0,0,1.333766424,0.002109076,0,0
iBAQ DEVC_027,DEVC 027,Elapidae,Pseudechis,guttatus,Pseudechis guttatus,MilkedVenom,,NA,NA,NA,3.282893205,93.78612653,1.127927493,0,0,0.118097224,0.008158388,0.900840037,0.11783,0,0,0.01098403,0,0,0.638963141,0,0,0,0.008179951,0,0,0,0,0,0
iBAQ DEVC_028,DEVC 028,Viperidae,Bitis,arietans,Bitis arietans,MilkedVenom,,NA,NA,NA,0,1.288717125,3.483037004,7.977119483,44.72525293,0.938693946,0.792401394,1.82040967,2.790775252,0,0.422248697,16.31828649,6.037681542,0,1.673186903,0,0.00287108,0.14023388,0.072837949,0,11.51455832,0,0.001688343,0,0
iBAQ DEVC_029,DEVC 029,Elapidae,Austrelaps,superbus,Austrelaps superbus,MilkedVenom,,NA,NA,NA,3.385080143,92.71594862,0.834860041,0.002388473,0.001600124,0.597011822,0.607808673,0.930200749,0.048371934,0.052476548,0.000409271,0.000511672,0,0,0.725559415,0,0.006931788,0.008384807,0.053527344,0,0.028360419,0.000139873,0.000428281,0,0
iBAQ DEVC_030,DEVC 030,Elapidae,Pseudonaja,inframacula,Pseudonaja inframacula,MilkedVenom,,NA,NA,NA,4.533842599,41.72792459,0,24.32027046,5.974895474,1.750065365,21.18976254,0,0,0,0.139589399,0.045783605,0,0,0,0,0,0,0.317865961,0,0,0,0,0,0
iBAQ DEVC_031,DEVC 031,Elapidae,Oxyuranus,scutellatus,Oxyuranus scutellatus,MilkedVenom,,NA,NA,NA,13.59712936,79.06631852,0.004811553,1.895423121,0,0.183541942,3.443247483,0.998229716,0.079039507,0,0.015409342,0.011212792,0,0.011236703,0.341387891,0.276186116,0,0,0.014276784,0,0.057838599,0,0,0,0.004710577
iBAQ DEVC_032,DEVC 032,Viperidae,Crotalus,vegrandis,Crotalus vegrandis,MilkedVenom,,NA,NA,NA,0.001958569,40.91172908,4.902626489,19.13311755,22.18973598,0.046401522,0,10.31276516,0.494896168,2.87E-05,0,0,0.058961721,0.016001447,1.063118559,0,0,0.307409633,0.229601145,0,0.331648321,0,0,0,0
iBAQ DEVC_033,DEVC 033,Elapidae,Pseudonaja,affinis,Pseudonaja affinis,MilkedVenom,,NA,NA,NA,15.11433898,33.94990451,0.009309886,18.11232694,9.361157949,1.003787759,21.92040607,0,0.00184862,0.078571152,0.00434791,0.223912499,0,0.041539677,0.038588025,0.043860566,0,0,0.019899537,0,0.022923757,0.052473929,0,0,0.000802242
iBAQ DEVC_034,DEVC 034,Elapidae,Pseudechis,colletti,Pseudechis colletti,MilkedVenom,,NA,NA,NA,0,97.35283596,0.253703075,0.000512125,0,0.065861486,0.019131179,1.170987402,0.037035728,0,0.000677383,0.007130035,0,0,1.056830243,0,0,0,0.035295381,0,0,0,0,0,0
iBAQ DEVC_035,DEVC 035,Elapidae,Pseudonaja,textilis,Pseudonaja textilis,MilkedVenom,,NA,NA,NA,52.07220435,28.1905256,0,10.38065398,0.125889576,0.739201767,8.310005302,0,0.001384075,0.038829306,0,0.022926609,0,0.097466202,0,0,0,0,0.010006127,0,0.010907107,0,0,0,0
iBAQ DEVC_036,DEVC 036,Elapidae,Hoplocephalus,bitorquatus,Hoplocephalus bitorquatus,MilkedVenom,,NA,NA,NA,2.124306341,87.8028409,1.876940273,2.50062734,1.286397162,0.412398585,0.567222456,1.35483355,0.243818991,0,0.001475599,0.078462328,0,0.002404188,1.663402847,0,0,0.030510925,0.054358511,0,0,0,0,0,0
iBAQ DEVC_037,DEVC 037,Elapidae,Echiopsis,curta,Echiopsis curta,MilkedVenom,,NA,NA,NA,93.09675002,0.063183708,1.718354037,0,0,0.464745721,3.429338401,0.826864846,0,0.010972103,0,0.006100435,0,0,0.248775589,0,0,0.002470815,0.020684066,0,0.111760256,0,0,0,0
iBAQ DEVC_038,DEVC 038,Elapidae,Pseudechis,australis,Pseudechis australis,MilkedVenom,,NA,NA,NA,2.914632454,92.82393475,0.877357322,0,0,0.157222688,0.154667108,1.823890311,0.153079289,0,0.000952873,0.04267366,0,0,1.005019589,0,0,0,0.046421989,0,0,0.000147963,0,0,0
iBAQ DEVC_039,DEVC 039,Elapidae,Oxyuranus,microlepidotus,Oxyuranus microlepidotus,MilkedVenom,,NA,NA,NA,32.74281068,63.19384048,0.005756117,1.088759493,0,0.536538496,0.495326686,0.26594173,0.076630659,0,0.011659264,0.026406436,0,0.035169743,0.18450082,0.353725249,0,0,0.014077002,0,0,0.000186335,0.000137862,0.968532944,0
iBAQ DEVC_040,DEVC 040,Elapidae,Naja,siamensis,Naja siamensis,MilkedVenom,,NA,NA,NA,62.90364363,34.30926902,0.228055986,0,0.00389613,0,0.000537423,0.353737694,0.253487046,0,0.000173295,0.026715525,0,0,0.788258541,0,0.423749373,0.164331222,0.006638475,0,0,0.537366892,0.000139741,0,0
iBAQ DEVC_041,DEVC 041,Elapidae,Denisonia,devisi,Denisonia devisi,MilkedVenom,,NA,NA,NA,4.541152767,57.47963938,15.01441363,0,0,0.408064835,0,4.886062276,0.039755667,9.854986996,0.155269778,5.40195582,0,0.174511735,1.703805606,0,0.003023756,0.001576833,0.071382033,0,0.264398897,0,0,0,0
iBAQ DEVC_042,DEVC 042,Elapidae,Austrelaps,labialis,Austrelaps labialis,MilkedVenom,,NA,NA,NA,21.33961206,75.00040598,0.256220896,0.00672488,0.242611896,0.721086448,0.997810904,0.882338251,0.063840066,0.067882597,0.00032408,0.005146401,0,0.003314826,0.37731978,0.001224354,0.000746213,0.000301438,0.021990819,0,0.010460237,0.000637877,0,0,0
iBAQ DEVC_043,DEVC 043,Elapidae,Tropidechis,carinatus,Tropidechis carinatus,MilkedVenom,,NA,NA,NA,32.44620681,57.44743835,0.024778333,2.508515274,0.148051756,0.168904082,1.178370203,0.494782603,0.03927328,0.049337876,0,0.049850911,0,0.025999737,3.061562714,0.001928201,0.241221878,0.002677337,1.866562765,0,0.004501242,0.001771857,0,0.238264793,0
iBAQ DEVC_044,DEVC 044,Elapidae,Denisonia,maculata,Denisonia maculata,MilkedVenom,,NA,NA,NA,13.48959263,74.81262094,2.828575751,0.004985,0.62174162,0.283946312,3.144213575,2.440164083,0.085336756,0.336043237,0.038560779,0.382915533,0,0.008813976,0.754673651,0,0.19389694,0,0.035247129,0,0.031698766,0.020172004,0,0.486801317,0
iBAQ DEVC_045,DEVC 045,Elapidae,Suta,suta,Suta suta,MilkedVenom,,NA,NA,NA,34.36504416,49.89221094,2.7615004,0.003066094,0.032995806,9.89951105,0.080759099,1.377391565,0.017391152,0.638894398,0.020863055,0.135221879,0,0.03168673,0.544899348,0.014242611,0,0.009059514,0.081108298,0,0.093021559,0.001132343,0,0,0
iBAQ DEVC_046,DEVC 046,Elapidae,Pseudonaja,textilis,Pseudonaja textilis,PreservedFixedGland,,1974,1280,NA,46.43545727,34.89880605,0,12.57120285,0.07289894,0.156743681,5.787341691,0,0.011003859,0.010120015,0,0,0,0.017093718,0,0,0,0,0.039331928,0,0,0,0,0,0
iBAQ DEVC_048,DEVC 048,Elapidae,Pseudonaja,textilis,Pseudonaja textilis,PreservedFixedGland,,1968,NA,NA,12.29386954,41.04700758,0,40.98820384,0.383090974,0.496594747,3.907456158,0,0.020630954,0.09959912,0,0.29753187,0,0.051645854,0,0,0,0,0.41436936,0,0,0,0,0,0
iBAQ DEVC_050,DEVC 050,Elapidae,Pseudonaja,affinis,Pseudonaja affinis,PreservedFixedGland,,1970,1640,NA,46.71362079,40.57278907,0,2.258677424,4.18132444,0.404016051,5.59432142,0,0,0,0.00096992,0,0,0.006832307,0.104992607,0,0,0,0.020082825,0,0.142373142,0,0,0,0
iBAQ DEVC_052,DEVC 052,Elapidae,Pseudonaja,affinis,Pseudonaja affinis,PreservedFixedGland,,1970,NA,NA,17.93669091,61.09927505,0,5.281477736,2.00172947,0.658594437,12.60597993,0,0,0,0.00183086,0.03050434,0,0.017180527,0.292139832,0.003858986,0,0,0.004834408,0,0.065903513,0,0,0,0
iBAQ DEVC_054,DEVC 054,Elapidae,Pseudonaja,guttatus,Pseudonaja guttatus,PreservedFixedGland,,1974,790,NA,0.619232447,32.04050305,0,56.07126078,0,0,0.175693963,0,0,0,0.621400599,0,0,0,2.005622591,0.472554906,0,0,0,0,0,0,7.993731667,0,0
iBAQ DEVC_056,DEVC 056,Elapidae,Pseudonaja,guttatus,Pseudonaja guttatus,PreservedFixedGland,,1972,930,NA,67.71689637,3.357191683,0,2.389199604,0,0,25.03498348,0,0,0,0.001623184,0,0,0,0.608061774,0.886188568,0,0,0,0,0,0,0.005855342,0,0
iBAQ DEVC_058,DEVC 058,Elapidae,Pseudonaja,mengdeni,Pseudonaja mengdeni,PreservedFixedGland,Male,NA,1100,NA,62.4446128,27.14940285,0,7.254707114,0.170626684,0.11228322,2.410016625,0,0,0,0,0.176989274,0,0,0.237855617,0.043505814,0,0,0,0,0,0,0,0,0
iBAQ DEVC_060,DEVC 060,Elapidae,Pseudonaja,mengdeni,Pseudonaja mengdeni,PreservedFixedGland,Male,NA,1090,NA,62.38472312,16.4573289,0,4.354720454,6.801352779,0.470037468,8.653302679,0,0,0,0,0.010287605,0,0,0.73315588,0.012177009,0,0,0,0.055292476,0.067621623,0,0,0,0
iBAQ DEVC_062,DEVC 062,Elapidae,Acanthophis,antarcticus,Acanthophis antarcticus,PreservedFixedGland,,1999,850,NA,68.02450639,28.95766749,0.046629287,0.003219287,1.239995335,0.112863724,0,0.003578189,0,0.00755302,0,0.891377809,0,0,0.698975374,0,0,0,0,0,0,0.013634094,0,0,0
iBAQ DEVC_064,DEVC 064,Elapidae,Acanthophis,antarcticus,Acanthophis antarcticus,PreservedFixedGland,,1995,500,NA,15.00489425,67.8175494,0.454888002,0,16.02121036,0.158047463,0,0.268574966,0,0.029086194,0,0.101095934,0,0,0.131954564,0,0,0,0.011842322,0,0,0.000856541,0,0,0
iBAQ DEVC_066,DEVC 066,Elapidae,Acanthophis,laevis,Acanthophis laevis,PreservedFixedGland,,2015,550,NA,57.46680192,40.27457225,0,0.008756254,0.992838775,0,0,0.061237718,0.08186518,0.013240517,0,0.256863813,0,0.004493544,0.589860319,0.123807125,0,0,0.007966459,0,0.114177612,0.003518509,0,0,0
iBAQ DEVC_068,DEVC 068,Elapidae,Acanthophis,laevis,Acanthophis laevis,PreservedFixedGland,,1971,515,NA,61.66659906,37.16139147,0,0.004898408,0.083984279,0,0,0.001326598,0.005731757,0.000718529,0,0.01773421,0,0.002601901,0.974109379,0,0,0,0.007367598,0,0.072787092,0.000749725,0,0,0
iBAQ DEVC_070,DEVC 070,Elapidae,Acanthophis,praelongus,Acanthophis praelongus,PreservedFixedGland,,1990,360,NA,78.62304895,19.1977205,0,0,0,0.706252011,0,0,0,0,0,0,0,0,1.472978532,0,0,0,0,0,0,0,0,0,0
iBAQ DEVC_072,DEVC 072,Elapidae,Aipysurus,laevis,Aipysurus laevis,PreservedFixedGland,,1979,940,NA,86.43124389,5.602307712,0,0,0,7.966448398,0,0,0,0,0,0,0,0,0,0,0,0,0,0,0,0,0,0,0
iBAQ DEVC_075,DEVC 075,Elapidae,Austrelaps,labialis,Austrelaps labialis,PreservedFixedGland,,NA,570,NA,16.83498691,82.33972967,0.113461533,0.005441301,0.025270818,0.363329122,0.103556636,0.13082389,0.007764876,0.00377912,0.001211928,0,0,0.000754283,0.049938997,0,0.007165599,0,0.002222344,0,0.010562971,0,0,0,0
iBAQ DEVC_077,DEVC 077,Elapidae,Austrelaps,labialis,Austrelaps labialis,PreservedFixedGland,Male,1979,620,NA,0.826958113,97.92858822,0.083812008,0.005458083,0.04645088,0.235328152,0.309522472,0.116562893,0.001727364,0.004474377,0.00097577,0,0,0.000383457,0.390479836,0,0,0,0.002638869,0,0.046639509,0,0,0,0
iBAQ DEVC_079,DEVC 079,Elapidae,Austrelaps,ramsayi,Austrelaps ramsayi,PreservedFixedGland,,1976,810,NA,3.486824642,94.46108175,1.112005174,0,0.035860832,0.506656099,0,0.099448185,0,0,0,0.024338057,0,0,0.056321368,0,0,0,0,0,0,0,0.217463891,0,0
iBAQ DEVC_081,DEVC 081,Elapidae,Austrelaps,ramsayi,Austrelaps ramsayi,PreservedFixedGland,,1989,1070,NA,0.736437409,98.26889685,0.281598558,0,0.071514287,0.332668374,0,0.032194266,0,0,0.001755908,0.012151438,0,0,0.132853406,0,0,0,0,0,0,0,0.129929507,0,0
iBAQ DEVC_083,DEVC 083,Elapidae,Austrelaps,superbus,Austrelaps superbus,PreservedFixedGland,,1990,970,NA,0.542021693,97.63408706,0.117645231,0.002688823,0.000852757,0.124686324,0.10318102,0.156961909,0.000833044,0.009310826,0.004187447,0.09266079,0,0,0.914342177,0,0.197498199,0.000117676,0.000828396,0,0,0,0.098096626,0,0
iBAQ DEVC_085,DEVC 085,Elapidae,Austrelaps,superbus,Austrelaps superbus,PreservedFixedGland,,1990,1000,NA,0.400638493,97.90001309,0.181168888,0.003194379,0,0.357633246,0.088627622,0.234030748,0.004195002,0.074102605,0.001820738,0.11732865,0,0,0.385446435,0,0.109434959,0,0.004103657,0,0.054485535,0,0.083775958,0,0
iBAQ DEVC_087,DEVC 087,Elapidae,Denisonia,devisi,Denisonia devisi,PreservedFixedGland,,1978,460,NA,71.96631323,9.886569895,4.221919998,0,0,0.05322075,0,0.456207753,0,0.373036096,0.014238858,0.96929583,0,0.001137078,11.44935539,0,0.003477201,0,0.000777145,0,0.012740778,0,0,0.59170999,0
iBAQ DEVC_089,DEVC 089,Elapidae,Denisonia,devisi,Denisonia devisi,PreservedFixedGland,,1977,440,NA,2.277083359,88.61246895,3.206993246,0,0,0.140176437,0,0.767591826,0.006393783,0.374040561,0.012655986,1.025530029,0,0.019964627,3.426106094,0,0.002984639,0,0.003068644,0,0.099353124,0,0,0.025588693,0
iBAQ DEVC_091,DEVC 091,Elapidae,Denisonia,maculata,Denisonia maculata,PreservedFixedGland,,1974,340,NA,4.897333063,93.19322195,0.64907162,0,0.119960943,0.449652285,0,0.153857521,0.005599257,0.034101471,0.01332381,0,0,0.000126758,0.377303952,0,0.013543175,0,0.00179678,0,0.066559589,0.001186107,0,0.02336172,0
iBAQ DEVC_093,DEVC 093,Elapidae,Drysdalia,coronoides,Drysdalia coronoides,PreservedFixedGland,Female,1968,345,NA,0,93.24453568,5.041487591,0,0,1.713976726,0,0,0,0,0,0,0,0,0,0,0,0,0,0,0,0,0,0,0
iBAQ DEVC_095,DEVC 095,Elapidae,Drysdalia,coronoides,Drysdalia coronoides,PreservedFixedGland,,1980,NA,NA,50.43642347,0,23.27227254,0,0,26.291304,0,0,0,0,0,0,0,0,0,0,0,0,0,0,0,0,0,0,0
iBAQ DEVC_096,DEVC 096,Elapidae,Echiopsis,curta,Echiopsis curta,PreservedFixedGland,,1971,360,NA,6.212488865,0.356222178,75.12360301,0,0,17.24844523,0.989324475,0.021879925,0,0.04803632,0,0,0,0,0,0,0,0,0,0,0,0,0,0,0
iBAQ DEVC_099,DEVC 099,Elapidae,Hoplocephalus,bitorquatus,Hoplocephalus bitorquatus,PreservedFixedGland,,1974,450,NA,0.315352248,91.57659365,1.921051872,2.452266531,0.516491928,1.615944292,0,0.626854239,0.193363435,0,0.009410189,0.349969434,0,0,0.41737197,0,0,0,0.005330212,0,0,0,0,0,0
iBAQ DEVC_101,DEVC 101,Elapidae,Hoplocephalus,bitorquatus,Hoplocephalus bitorquatus,PreservedFixedGland,,1974,520,NA,0,63.64892255,1.618687974,5.817966485,0.367008424,0,0,17.71147674,1.309325826,0,0.175633701,0.185140376,0,0,9.103416869,0,0,0,0.062421052,0,0,0,0,0,0
iBAQ DEVC_103,DEVC 103,Elapidae,Hoplocephalus,stephensii,Hoplocephalus stephensi,PreservedFixedGland,,1968,945,NA,43.72098311,34.76676088,13.36342677,4.036645459,1.012902563,0.647779774,1.012642657,0.708241439,0.031244567,0,0.002243714,0,0,0.005015225,0.502336453,0,0,0.001619142,0.027597904,0,0.160560347,0,0,0,0
iBAQ DEVC_105,DEVC 105,Elapidae,Hoplocephalus,stephensii,Hoplocephalus stephensi,PreservedFixedGland,,1995,585,NA,26.3672581,50.12853967,4.71564378,6.890744486,8.560013202,0.592122655,1.025771765,0.524786631,0.014812668,0,0,0.020438323,0,0.031995898,0.844523428,0.117897736,0,6.75E-05,0.078433473,0,0.086950673,0,0,0,0
iBAQ DEVC_107,DEVC 107,Elapidae,Hydrophis,platurus,Hydrophis platurus,PreservedFixedGland,,1997,650,NA,8.793109663,79.0275929,1.550396833,0.459135287,0.63956793,5.999020134,0,0.372847676,0,0,0,2.316580005,0,0,0,0,0,0,0,0,0,0.078072509,0.763677066,0,0
iBAQ DEVC_109,DEVC 109,Elapidae,Hydrophis,platurus,Hydrophis platurus,PreservedFixedGland,,1992,931,NA,21.50742749,71.57704483,1.113130567,0.264470349,0.121034911,3.768549273,0,0.0190211,0,0,0,1.077829138,0,0,0,0,0,0,0,0,0,0.05083918,0.500653163,0,0
iBAQ DEVC_111,DEVC 111,Elapidae,Oxyuranus,microlepidotus,Oxyuranus microlepidotus,PreservedFixedGland,Male,1972,1490,NA,41.07838625,56.23933841,0.003752781,0.488663683,0.019025989,0.13025522,0.230026995,0.46572087,0.028760328,0,0.006829513,0.048835184,0,0.012898592,0.183920329,0.933452827,0,0,0.003971005,0,0,0.005518901,0.040800463,0.079842652,0
iBAQ DEVC_113,DEVC 113,Elapidae,Oxyuranus,scutellatus,Oxyuranus scutellatus,PreservedFixedGland,,1984,1950,NA,8.625919425,90.3492974,0,0.309293624,0,0.0138531,0.049706786,0.091615543,0.002188039,0,0.001616953,0.003343841,0,0.000331959,0.390195715,0.16257032,0,0,6.73E-05,0,0,0,0,0,0
iBAQ DEVC_115,DEVC 115,Elapidae,Oxyuranus,scutellatus,Oxyuranus scutellatus,PreservedFixedGland,Male,1991,1840,NA,5.289968995,93.58880735,0,0.144519136,0,0,0.466897579,0.190670201,0.003854005,0,0.000625565,0.003309761,0,0.000504631,0.109467457,0.101083557,0,0,0.00207261,0,0.098219154,0,0,0,0
iBAQ DEVC_117,DEVC 117,Elapidae,Pseudechis,australis,Pseudechis australis,PreservedFixedGland,Male,1976,2000,NA,0.022717272,96.68186568,0.439900039,0,0,0.018891388,0,1.791640018,0.029480403,0,0.000919438,0.026215938,0,0,0.637517929,0,0.321353823,0,0.028390562,0,0,0.001107514,0,0,0
iBAQ DEVC_119,DEVC 119,Elapidae,Pseudechis,australis,Pseudechis australis,PreservedFixedGland,Male,1999,1890,NA,23.80111877,74.65192736,0.447285473,0,0,0.050088861,0.025569931,0.449695591,0.005054308,0,0,0.012068716,0,0,0.507123886,0,0.047822192,0,0.002244909,0,0,0,0,0,0
iBAQ DEVC_121,DEVC 121,Elapidae,Pseudechis,colletti,Pseudechis colletti,PreservedFixedGland,,NA,610,NA,0.099474141,98.84185951,0.217129059,0,0,0.014952625,0,0.441641528,0.02062809,0,0.000911289,0.004930888,0,0,0.319291934,0,0.027379177,0,0.011801753,0,0,0,0,0,0
iBAQ DEVC_123,DEVC 123,Elapidae,Pseudechis,rossignolii,Pseudechis rossignolii,PreservedFixedGland,,2015,380,NA,0.208293472,98.39459633,0.539747356,0,0,0.026925182,0.28975971,0.261755202,0.018279225,0.017343242,0.000895582,0,0,0,0.242404694,0,0,0,0,0,0,0,0,0,0
iBAQ DEVC_125,DEVC 125,Elapidae,Pseudechis,guttatus,Pseudechis guttatus,PreservedFixedGland,,1978,1010,NA,0,97.75589931,0.337012823,0,0,0.079130834,0.276103978,0.949852289,0.001788449,0,0,0,0,0,0.413042626,0,0.181866705,0,0.00530299,0,0,0,0,0,0
iBAQ DEVC_127,DEVC 127,Elapidae,Pseudechis,guttatus,Pseudechis guttatus,PreservedFixedGland,,1984,1015,NA,0,97.99109193,0.269406019,0,0,0.276245304,0.026923069,1.038744279,0.005825208,0,0,0.011431548,0,0,0.338248037,0,0.039913664,0,0.002170939,0,0,0,0,0,0
iBAQ DEVC_129,DEVC 129,Elapidae,Pseudechis,porphyriacus,Pseudechis porphyriacus,PreservedFixedGland,,1995,1380,NA,0.712561762,94.66527761,1.648134355,0.472391027,0,0.471585166,0.185631209,0.035983413,0.004703238,0,0,0.011067859,0,0,1.339281886,0.084196403,0.347327301,0,0,0,0,0,0.021858769,0,0
iBAQ DEVC_131,DEVC 131,Elapidae,Suta,suta,Suta suta,PreservedFixedGland,,1977,370,NA,32.40003803,59.71444697,3.411740171,0,0.025013675,2.439815283,0.000746185,1.069674697,0,0.108177146,0.005795404,0.077504144,0,0.043051249,0.580375096,0.101167308,0,0.000644266,0.005294556,0,0.016515814,0,0,0,0
iBAQ DEVC_133,DEVC 133,Elapidae,Suta,suta,Suta suta,PreservedFixedGland,,1972,610,NA,28.38530465,66.66222439,3.569506941,0,0,0.407529522,0,0.131144908,0,0.044514351,0.001837895,0.057948375,0,0,0.678001647,0.055695656,0,0,0,0,0.00629167,0,0,0,0
iBAQ DEVC_135,DEVC 135,Elapidae,Tropidechis,carinatus,Tropidechis carinatus,PreservedFixedGland,,2005,950,NA,1.453631658,89.84237649,0.018132218,4.22220568,0,0.039130286,0.063321852,2.918754247,0.005570473,0.033273986,0.001445158,0.017043902,0,0.013560643,0.566552338,0.050049526,0.711157941,0,0.011689505,0,0.022326347,0.000117975,0.002262765,0.00739701,0
iBAQ DEVC_137,DEVC 137,Elapidae,Tropidechis,carinatus,Tropidechis carinatus,PreservedFixedGland,Male,NA,680,NA,11.43670991,79.06349446,0.003539365,0.9570191,0.002454168,0.067079869,0.333252896,0.077022115,0.001229393,0.01174253,0.000364186,0.011528889,0,0.00134325,6.914413868,0.021362553,0.386979046,0,0.465878529,0,0.017384011,0,0.005077797,0.222124057,0
iBAQ DEVC_139,DEVC 139,Elapidae,Vermicella,annulata,Vermicella annulata,PreservedFixedGland,,2002,680,NA,79.55578711,0.069960125,0.096818388,0,1.028680507,16.06098361,0.544430607,0.006188795,0.01732355,0.069831334,0.096960059,0.184120245,0,0.051160401,1.084648986,0,0,0,0,0,0.129238158,0.018987986,0.939486178,0.040118452,0.005275514
iBAQ DEVC_141,DEVC 141,Elapidae,Vermicella,annulata,Vermicella annulata,PreservedFixedGland,,2000,600,NA,90.63144436,2.066199616,0.143881476,0,0.11959636,2.54601758,3.243332969,0,0.002634419,0,0.003880456,0.015119941,0,0.008512178,0.764028255,0,0.133691494,0,0,0,0.182773288,0,0.055775249,0.083112356,0
iBAQ DEVC_143,DEVC 143,Elapidae,Vermicella,multifasciata,Vermicella multifasciata,PreservedFixedGland,,1972,485,NA,39.57224906,1.111649226,28.56360397,0,0,18.92887489,0,0,0,0,0,0,0,0,11.82362286,0,0,0,0,0,0,0,0,0,0
iBAQ DEVC_145_Y,DEVC 145 (Y),Elapidae,Pseudechis,australis,Pseudechis australis,MilkedVenom,,NA,NA,NA,6.78577889,89.42848812,0.369386864,0,0,0.099604707,0.293390061,1.724564656,0.078848294,0,0.000358033,0.02343382,0,0,1.115174808,0,0.037584811,0,0.043117562,0,0,8.97E-05,0.000179659,0,0
iBAQ DEVC_146_X,DEVC 146  (X),Elapidae,Pseudechis,australis,Pseudechis australis,PreservedFixedGland,,2022,NA,NA,1.719359127,93.7192088,0.36251285,0,0,0.048521363,0.327429235,2.42501593,0.030798997,0,0.000516885,0.032435259,0,0,1.231698072,0,0.050602623,0,0.047571727,0,0,0.001889486,0.002439642,0,0